date,m60,m120,vol60,size
2021-08-20,,,,
2021-08-23,,,,
2021-08-24,,,,
2021-08-25,,,,
2021-08-26,,,,
2021-08-27,,,,
2021-08-30,,,,
2021-08-31,,,,
2021-09-01,,,,
2021-09-02,,,,
2021-09-03,,,,
2021-09-06,,,,
2021-09-07,,,,
2021-09-08,,,,
2021-09-09,,,,
2021-09-10,,,,
2021-09-13,,,,
2021-09-14,,,,
2021-09-15,,,,
2021-09-16,,,,
2021-09-17,,,,
2021-09-22,,,,
2021-09-23,,,,
2021-09-24,,,,
2021-09-27,,,,
2021-09-29,,,,
2021-10-27,,,,
2021-10-28,,,,
2021-10-29,,,,
2021-11-01,,,,0.09857432662218545
2021-11-02,,,,0.09222420770721398
2021-11-03,,,,0.08882163938681242
2021-11-04,,,,0.08466970188758452
2021-11-05,,,,0.07957397469064145
2021-11-08,,,,0.07725959371989395
2021-11-09,,,,0.07183857808577379
2021-11-10,,,,0.06635264932300354
2021-11-11,,,,0.059718048514662024
2021-11-12,,,,0.052219979172218524
2021-11-15,,,,0.04581869266638136
2021-11-16,,,,0.03894519012857436
2021-11-17,,,,0.03136726531117459
2021-11-18,,,,0.024998775111651033
2021-11-19,,,,0.017978096864143603
2021-11-22,,,,0.01096128430884099
2021-11-23,,,,0.004408361316774962
2021-12-02,,,,-0.0010681918257630994
2021-12-03,,,,-0.007193488606692066
2021-12-06,,,,-0.01375778512338268
2021-12-07,,,,-0.02074575646568009
2021-12-08,,,,-0.027961572141787308
2021-12-09,,,,-0.03638861973592499
2021-12-10,,,,-0.04422288185192079
2021-12-13,,,,-0.053145483451568304
2021-12-14,,,,-0.061098589357238324
2021-12-15,,,,-0.06675971875859808
2021-12-16,,,,-0.07210636328561448
2021-12-17,,,,-0.07622798798796573
2021-12-20,,,,-0.08022587111717133
2021-12-23,,,-0.17404173400577055,-0.08528744638943261
2021-12-24,,,-0.1820498454080915,-0.0925676957444503
2021-12-27,,,-0.187134068124438,-0.09929611735284985
2021-12-28,,,-0.191993101041234,-0.10651680084583888
2021-12-29,,,-0.1971687632530059,-0.11324383773082466
2021-12-30,,,-0.20198113868957537,-0.11920130240273971
2021-12-31,,,-0.20577226090546324,-0.12402231710490524
2022-01-04,,,-0.20702993467118652,-0.12819875715251713
2022-01-05,,,-0.20461685920766068,-0.13119347997543993
2022-01-06,,,-0.20364285824857287,-0.1344425729905836
2022-01-07,,,-0.20103976211879865,-0.13639861203943054
2022-01-10,,,-0.19786061224380885,-0.1380236190288192
2022-01-11,,,-0.19122163054972643,-0.13738364221404115
2022-01-12,,,-0.18600890926602295,-0.13776935781855745
2022-01-13,,,-0.17775760761781198,-0.13660567576884242
2022-01-14,,,-0.1699828809891551,-0.13652691322209368
2022-01-17,,,-0.16404310397053104,-0.1370864968364677
2022-01-18,,,-0.15957925397631026,-0.13806301347439004
2022-01-27,,,-0.1545363374840298,-0.14003619278592275
2022-01-28,,,-0.1487458297192201,-0.14099581975205727
2022-02-07,,,-0.1445198791708625,-0.1420593204059023
2022-02-08,,,-0.13890597260456014,-0.1406397253004796
2022-02-09,,,-0.13407598967294654,-0.13926465038083144
2022-02-10,,,-0.12757001842246538,-0.136571687754873
2022-02-11,,,-0.1203765322796044,-0.1334716401802938
2022-02-14,,,-0.11568716900391568,-0.13203122646127258
2022-02-15,,,-0.11303401958587363,-0.13087528470921653
2022-02-16,,,-0.11026875203536483,-0.12916802646300957
2022-02-17,,,-0.10767727333840754,-0.12698060609286724
2022-02-18,,,-0.10556581149335546,-0.12540286428757955
2022-02-21,-0.08598577058080929,,-0.1025191751870072,-0.12344964010198325
2022-02-22,-0.08441904437197394,,-0.10068694921268563,-0.12257078064585983
2022-02-23,-0.0814750730674046,,-0.10030468508890518,-0.12244971796233686
2022-02-24,-0.0766807567201336,,-0.10054019634864064,-0.12247995604610347
2022-02-25,-0.06914614369906252,,-0.10307284792308813,-0.1237023367812982
2022-02-28,-0.06104482312283098,,-0.10656251337526979,-0.1259941807251133
2022-03-01,-0.051884905437757894,,-0.10944289640321292,-0.1281562886229722
2022-03-02,-0.046627806369810565,,-0.11118728594915679,-0.1286981168961177
2022-03-03,-0.04436321623542177,,-0.11292208795368788,-0.12826117570187054
2022-03-04,-0.04059001937266349,,-0.11504836100653944,-0.1282673104609894
2022-03-07,-0.036970678697549816,,-0.11825801242664051,-0.12884307380077054
2022-03-08,-0.032525724858838326,,-0.12049749239392638,-0.12949618667034296
2022-03-09,-0.026035632098088516,,-0.12444454242095887,-0.13159757303607392
2022-03-10,-0.020470143267524107,,-0.12876909807161882,-0.13368391448429373
2022-03-11,-0.013243283563294463,,-0.13319402406701403,-0.13583667137068528
2022-03-14,-0.0059363020895804785,,-0.13620320866915644,-0.1372790031912696
2022-03-15,0.0006389457063907606,,-0.13839871689846117,-0.13932416641134793
2022-03-16,0.007132715511271419,,-0.14015847146766824,-0.14097007326007224
2022-03-17,0.015181972551961973,,-0.14274984659942702,-0.14377051904520385
2022-03-18,0.021499643659414973,,-0.14551062403866896,-0.14569652607045702
2022-03-21,0.024547408195018564,,-0.14688502356939898,-0.14658950269044177
2022-03-22,0.028037991857488162,,-0.14730894616282053,-0.14693784002484145
2022-03-23,0.03203821684526925,,-0.14841000951503514,-0.14756740167840668
2022-03-24,0.035840366672529995,,-0.14982193125431634,-0.14853868397392164
2022-03-25,0.03823525349006513,,-0.15026147427943443,-0.1488772837167594
2022-03-28,0.03853640717140866,,-0.1494365444351289,-0.14804941331612026
2022-03-29,0.03686733292700976,,-0.14868783958298712,-0.14706186236750746
2022-03-30,0.03777418661827451,,-0.14825143574274194,-0.14677508806801529
2022-03-31,0.03836262185803047,,-0.14711427122891288,-0.14631909041272342
2022-04-01,0.03804249312097196,,-0.14506580780914977,-0.14505337212510105
2022-04-06,0.03463162206863512,,-0.1414885062933207,-0.14273253653107373
2022-04-07,0.030690600696481257,,-0.13772345312344006,-0.14033380239094623
2022-04-11,0.023821646459808426,,-0.13270689804562072,-0.13746997166191813
2022-04-12,0.01924228420849008,,-0.12867326212662766,-0.13499131947983856
2022-04-13,0.01464275151310462,,-0.12437249431362128,-0.1327332727766743
2022-04-14,0.010583469804358592,,-0.12084496050358559,-0.13111177845274166
2022-04-15,0.004734942995849666,,-0.11620294424156209,-0.12859857844154188
2022-04-18,0.0008569999206366847,,-0.11289550145151084,-0.12706599089344436
2022-04-19,-0.0041528848838377165,,-0.10968639420791043,-0.12519847209947618
2022-04-20,-0.009459278991145178,,-0.10551993534050136,-0.12297021713363045
2022-04-29,-0.015016604292506263,,-0.10145368038820006,-0.1209267963868026
2022-05-05,-0.021572662276178534,,-0.09754483182619307,-0.11841572078917233
2022-05-06,-0.027768425186308312,,-0.0938682897811049,-0.11611745353623369
2022-05-09,-0.033004310948826755,,-0.09052636381397917,-0.11383005214741042
2022-05-10,-0.03772485799561655,,-0.08735985755551641,-0.11178120215893658
2022-05-11,-0.04209622421164851,,-0.08460830388912724,-0.10963521402472011
2022-05-12,-0.045790163666336224,,-0.08126893331081694,-0.10735134338877887
2022-05-13,-0.04961356554145904,,-0.07779514835239658,-0.10497888665814746
2022-05-16,-0.05350174258830256,,-0.07476855325074015,-0.1022342212007638
2022-05-17,-0.05702158520965733,,-0.0718873065618429,-0.09960210123056323
2022-05-19,-0.05946470012358103,,-0.06919465630935956,-0.0969156183617236
2022-05-20,-0.06075145127022678,,-0.06680606528258078,-0.094609780450948
2022-05-23,-0.06150083973191635,,-0.06440298924778708,-0.09228382551315092
2022-05-24,-0.06313954557045198,,-0.06203349382761065,-0.08972536244171948
2022-05-25,-0.06471844255554918,,-0.05990245203473299,-0.08707802640756375
2022-05-26,-0.06650979822795686,,-0.05774879542791653,-0.08420629933317973
2022-06-13,-0.06803089669379205,,-0.057683848040527244,-0.08271911612977587
2022-06-14,-0.0697112806687406,,-0.05754166867136532,-0.08112053713027625
2022-06-15,-0.07039683091629463,,-0.05647268100893488,-0.07906067454458707
2022-06-16,-0.06979391328313118,,-0.055330714838990915,-0.07679746366897057
2022-06-17,-0.06941857927449498,-0.22482825890450728,-0.054484088438990955,-0.07515508699337599
2022-06-20,-0.06769166252129671,-0.21416843455051007,-0.05363306925661985,-0.07407264376303643
2022-06-21,-0.06633921050415524,-0.20515996319471852,-0.05229710228517782,-0.0727356121782232
2022-06-22,-0.06651222867319588,-0.20187686356495183,-0.051213864630503994,-0.07104082855153439
2022-06-23,-0.06674103815843699,-0.1967047322669242,-0.05086796924904563,-0.0698201099888934
2022-06-24,-0.06599450965470174,-0.18731420511156596,-0.05127383132854875,-0.06939369300041777
2022-06-27,-0.06550954057421181,-0.17750394208474107,-0.051886562131312104,-0.06936947892655927
2022-06-28,-0.06453529066149646,-0.16748637014632606,-0.05284352559703735,-0.06948857473517508
2022-06-29,-0.06429003174007288,-0.16092104518069372,-0.05289230551924081,-0.06939063749566994
2022-06-30,-0.0646495557303697,-0.15557284792840292,-0.053407198916737494,-0.07023278977331464
2022-07-01,-0.06412866400976429,-0.14691685037403202,-0.053576451964903904,-0.07130584177544319
2022-07-04,-0.06375080594394954,-0.1383983109876562,-0.054125187435399284,-0.07254107575705539
2022-07-05,-0.0635333151206134,-0.13124683913436955,-0.054554510326175455,-0.07377730739151366
2022-07-06,-0.06294320723354145,-0.12329515393429749,-0.05498734897073868,-0.0752066479324625
2022-07-07,-0.062496397375451866,-0.11561411750049055,-0.056453213090869835,-0.07663754667080765
2022-07-08,-0.06212329844357047,-0.10816174448895678,-0.057844762951770386,-0.07806269472063139
2022-07-11,-0.06177024700690692,-0.10252316051304584,-0.05902909687837664,-0.07932592081488257
2022-07-12,-0.06108469932516177,-0.09685524032358586,-0.059858023344529755,-0.08058098447092804
2022-07-14,-0.06055440156257435,-0.0915912895235476,-0.06101023082515584,-0.08232292753088666
2022-07-15,-0.0606343333583032,-0.08701013124934316,-0.06208999856835748,-0.08431804782258982
2022-07-18,-0.059946423710073186,-0.08117488100274015,-0.06328043453082431,-0.08605283379184799
2022-07-19,-0.059180829256352624,-0.07475356939637696,-0.06461170052770597,-0.08765412023035982
2022-07-20,-0.05814268812745087,-0.06823286343731486,-0.06593808480954907,-0.08897440822931216
2022-07-21,-0.05709649258736634,-0.0610277529980057,-0.06729497283154345,-0.0902197438756192
2022-07-22,-0.05673836082293229,-0.054477840785809126,-0.06903407340671669,-0.09152377717776865
2022-07-25,-0.05611520004565751,-0.0479717032392605,-0.07067143802646987,-0.09253001298471183
2022-07-26,-0.055200023826763325,-0.0411388785743186,-0.07227006986880957,-0.09350249656864289
2022-07-27,-0.053857744909807104,-0.034580049922137535,-0.07377002642753715,-0.09435308021522185
2022-07-28,-0.05305316214907183,-0.027583852203780766,-0.07551566404199987,-0.09561724723648803
2022-07-29,-0.05279705254385142,-0.021667389294928657,-0.07721989248372803,-0.09683728819184226
2022-08-25,-0.052945311329108485,-0.01661089466932524,-0.07901070576172894,-0.09776259284842236
2022-08-26,-0.05197520543765945,-0.01084755103386884,-0.08020256668230873,-0.09790698808944034
2022-08-29,-0.051969859701289915,-0.007003959612188867,-0.08152189892089856,-0.09769257763291082
2022-08-30,-0.051618269771844236,-0.002294547262054343,-0.08301515759140063,-0.09752897348011763
2022-08-31,-0.05011195165638995,0.0041137643208572945,-0.0832820511492232,-0.09692156319225613
2022-09-01,-0.04905167692417856,0.010494742440528955,-0.08422629589070266,-0.09682209635533867
2022-09-02,-0.04858819014205398,0.017262351369318238,-0.08547726139050375,-0.09719377558970535
2022-09-05,-0.04769358478724114,0.02285537680345209,-0.08655767023749908,-0.0971755724125707
2022-09-06,-0.04748248323569884,0.02672064777597753,-0.08796413167741424,-0.09723822113112747
2022-09-07,-0.04804023464528884,0.028146657861676545,-0.08928012199246345,-0.09675504354680316
2022-09-08,-0.049044421806608396,0.02796592344708988,-0.09029712801494501,-0.09633612772354747
2022-09-09,-0.0494263153156134,0.028867722032737995,-0.09108558254214087,-0.0959542017632335
2022-09-13,-0.04995185648307183,0.029922187463123577,-0.09162940665657505,-0.09592907956503599
2022-09-14,-0.050409645380216375,0.03056998703086178,-0.0923582980696662,-0.09597176488268254
2022-09-15,-0.049994139289428106,0.03169110383820162,-0.09213780378575104,-0.09582595014600226
2022-09-16,-0.04924491366256224,0.032280109557696064,-0.09168177368070289,-0.09599067635696061
2022-09-19,-0.0487328049179228,0.03213427849710769,-0.09148343524241455,-0.09626271090434997
2022-09-20,-0.04859555658505,0.030469256346406168,-0.09118199596327334,-0.09622889314770448
2022-09-21,-0.048890149056968084,0.02904116736236574,-0.09126073191947205,-0.09606473255656867
2022-09-22,-0.049316329809410864,0.026333145181923333,-0.09127247386569605,-0.09567978084943354
2022-09-23,-0.050215581160605254,0.022792078898462992,-0.09066618047806438,-0.09486950829683856
2022-09-26,-0.05129423457577314,0.018900212820684537,-0.09002675334196651,-0.09440207497588966
2022-09-27,-0.052163373913704215,0.015622662881866617,-0.08929761506044308,-0.09394027948297212
2022-09-28,-0.05278767236037036,0.012315272182690996,-0.08763954255824276,-0.09318870864103132
2022-09-29,-0.05380238710041543,0.008725814911915581,-0.08622284306801375,-0.09286728612031872
2022-09-30,-0.05490263536697932,0.005192847005967181,-0.08455091825352541,-0.09225694033903319
2022-10-10,-0.05717507872740899,0.0007266748523128774,-0.08258272459697445,-0.09133514771253602
2022-10-11,-0.05916760443747177,-0.0038358714109496673,-0.08112406366283435,-0.09062263652316861
2022-10-12,-0.06102998481503711,-0.008338543405911133,-0.07986703108196908,-0.09000214100153948
2022-10-14,-0.06281903789588564,-0.013279462334061425,-0.07960667154197498,-0.090016820099621
2022-10-17,-0.06503953960660537,-0.018862235724274132,-0.07922966887261144,-0.08978836017391924
2022-10-18,-0.0669573269226893,-0.024131937234758025,-0.07890918951242323,-0.08966981764417652
2022-10-19,-0.06907052708090199,-0.029731693629123934,-0.0787898043594091,-0.08942746101201837
2022-10-20,-0.07062784426567749,-0.03500492456853155,-0.07878539226615103,-0.08912328083240438
2022-10-21,-0.07258188490411195,-0.040652238947561044,-0.0785105459097938,-0.08862250719519345
2022-10-24,-0.07473126804371759,-0.046216062793436666,-0.0788484562464908,-0.08844473291256667
2022-10-25,-0.07676834267008023,-0.051521397829059457,-0.07943850345416073,-0.08867035325737165
2022-10-26,-0.07836232346626072,-0.05572759946045761,-0.08040239818599682,-0.08922708613342932
2022-10-28,-0.08033812092263125,-0.06021900508900156,-0.08093277879419761,-0.08978566490752969
2022-10-31,-0.08227560792258824,-0.06378859237371619,-0.08154684387861826,-0.09043660801194987
2022-11-01,-0.08385267285229059,-0.06687446203580358,-0.08259593165953517,-0.0913458015061757
2022-11-02,-0.08505348787169868,-0.06947719223850685,-0.08381551951518648,-0.09253169119278074
2022-11-03,-0.0869619258632086,-0.07229031229441879,-0.08480321981407746,-0.09333669708737781
2022-11-04,-0.08826291177850863,-0.07490589262673195,-0.08646335573983517,-0.09442302799560658
2022-11-07,-0.08890920244120966,-0.07605335831252497,-0.08787046944538153,-0.09477522080958148
2022-11-08,-0.08989536997023441,-0.07719716760559013,-0.0891599180088049,-0.0950236024964046
2022-11-09,-0.09080668169954133,-0.0778347459849238,-0.09039807194987619,-0.09531213584093975
2022-11-10,-0.09171434456551662,-0.07839410278780133,-0.09130457499798571,-0.09529103308519224
2022-11-11,-0.09168603673707769,-0.07839056576794969,-0.09234657357500894,-0.09540174683532268
2022-11-14,-0.0913028370870998,-0.07801093061009748,-0.09302996435446201,-0.09546948594139171
2022-11-15,-0.09085518302347192,-0.07692247988782758,-0.09414885366845298,-0.09587846137367637
2022-11-16,-0.09083689798025754,-0.07627344874428292,-0.09485421336193517,-0.09588384722835665
2022-11-17,-0.09125468472915388,-0.07554799546334777,-0.09522443932487988,-0.09578036943517455
2022-11-18,-0.09168150512592452,-0.07530778506825632,-0.09559075146647437,-0.09573355345898021
2022-11-21,-0.0923884323112726,-0.07529534464956858,-0.09572307451624233,-0.09549738118157934
2022-11-22,-0.09319004145617979,-0.07518467263146851,-0.0954346825735187,-0.09492177792433011
2022-11-23,-0.09475477198823999,-0.07663233581541827,-0.09438318190255812,-0.09378131922523798
2022-11-24,-0.09616829863413158,-0.078436985227694,-0.09337879222583576,-0.09264929862147128
2022-11-25,-0.09797508072616333,-0.08004752684116133,-0.09211883244935516,-0.09124811372013475
2022-11-28,-0.09970442952110353,-0.08206274181675949,-0.09102982345072214,-0.09002034109452665
2022-11-29,-0.10017612670454717,-0.08304337316150966,-0.09011125736956063,-0.08904458827068253
2022-11-30,-0.1004425804031359,-0.08422832697871598,-0.08939642131390241,-0.0882350897358784
2022-12-01,-0.10023775582249961,-0.0847582240343281,-0.08892365548003708,-0.08784233077289196
2022-12-02,-0.09996715302546909,-0.08503938371021529,-0.08824385932830713,-0.08739323008654243
2022-12-26,-0.10045435599792485,-0.08532029782276061,-0.0874619214916724,-0.08724321333377352
2022-12-27,-0.10093037589411931,-0.08550158996872548,-0.08692953225248881,-0.08721310744818658
2022-12-28,-0.101715246763757,-0.08546204197206766,-0.08625732738678982,-0.08697818514959499
2022-12-29,-0.10245415397391502,-0.0856292612707584,-0.08575119394044432,-0.08697793621792324
2022-12-30,-0.10305293479342628,-0.08595822141533638,-0.08514466845925552,-0.0869104500754911
2023-01-03,-0.10316803054751414,-0.0862749779127247,-0.08496282779306231,-0.08704934672074775
2023-01-04,-0.10378568221277515,-0.08630233728539954,-0.08478449615871954,-0.08721837280838265
2023-01-05,-0.10442158984282836,-0.0862484943291542,-0.08494962147136703,-0.08771854137972167
2023-01-06,-0.10452481252557405,-0.08603444708419286,-0.08551435248668354,-0.08869987597176719
2023-01-09,-0.10478303645650873,-0.08625002246112473,-0.08616850750966298,-0.08852164489302786
2023-01-10,-0.10506201257409951,-0.08649720612075631,-0.0869404714225743,-0.0881752985477296
2023-01-11,-0.10513512201463167,-0.08666917700305084,-0.08762802240131594,-0.0874385553353967
2023-02-02,-0.10439560088690324,-0.0856877276312917,-0.0883913537077159,-0.08703101528814891
2023-02-03,-0.10351867103454404,-0.08460195045279785,-0.08921096578447905,-0.08741780639775666
2023-02-06,-0.10259956100105488,-0.08369176633105908,-0.09002968604436237,-0.0880366309992209
2023-02-07,-0.10145442977558344,-0.08247024251054258,-0.09098837393507472,-0.08920732144613902
2023-02-17,-0.10054347618854134,-0.08149593704333842,-0.09205732663739259,-0.09099522680391416
2023-02-20,-0.09962988479738828,-0.0808952220843758,-0.09291779753774677,-0.09300275934720412
2023-02-21,-0.09845840363788093,-0.07999481266175039,-0.09345685193619795,-0.0948563032194422
2023-02-22,-0.0972556117691803,-0.07912974228924302,-0.09399470477597456,-0.0971051979911953
2023-02-23,-0.0957083118442702,-0.07819575129163084,-0.09429274720455626,-0.09894230585337016
2023-02-24,-0.09401549087273152,-0.07729087587265138,-0.09431958291202637,-0.10081641296459842
2023-02-27,-0.09217572669291194,-0.07590819355179691,-0.09424736611177588,-0.10301242604952009
2023-02-28,-0.09033441341005446,-0.07404296594469384,-0.09440397495701174,-0.10528135850848451
2023-03-01,-0.0888259112093785,-0.0722908106512098,-0.09445574615685044,-0.10714109673017591
2023-03-02,-0.08756918663808919,-0.07099784825937296,-0.09416731854581421,-0.10882920189440552
2023-03-03,-0.08609384206373015,-0.06943538916834587,-0.09363354957713484,-0.11013075461068372
2023-03-06,-0.08407732378587587,-0.06787345843999,-0.09312982501277269,-0.1116271465063887
2023-03-07,-0.08187118538072186,-0.0662088482810721,-0.09248425032550443,-0.11312219652102203
2023-03-08,-0.07997170795927126,-0.06445237630088481,-0.09196577303997786,-0.11462592545494928
2023-03-09,-0.07806666541426104,-0.06258258297484277,-0.09130828643687905,-0.1160618542078989
2023-03-10,-0.07632803729678088,-0.06077324962476258,-0.09058589103470563,-0.11774291442444901
2023-03-13,-0.07477062525797439,-0.05958798473358218,-0.08988949821431322,-0.11932126871036305
2023-03-14,-0.07292375057395793,-0.05801611717097471,-0.08931524455595798,-0.12122319515185563
2023-03-15,-0.07140693586021694,-0.05635041254198691,-0.08878918355760707,-0.12292876372819299
2023-03-16,-0.0704800762537262,-0.055178275931997596,-0.08776145312159853,-0.12371769997099198
2023-03-17,-0.06935510836270253,-0.054062700203952485,-0.08685486791219342,-0.12417760379978485
2023-03-20,-0.06774112349804964,-0.0519730549924763,-0.08627162128616818,-0.12459807165654502
2023-03-21,-0.06577155115786602,-0.04926306077810507,-0.08609967892547075,-0.1253646352289298
2023-03-22,-0.06374567243693545,-0.04637221808980929,-0.08646353821843214,-0.12582270160163986
2023-03-23,-0.06206814697607471,-0.04367217799654793,-0.08705157289698608,-0.12680684043966545
2023-03-24,-0.060337407366050824,-0.04086615214028033,-0.088067489039029,-0.12796457461380265
2023-03-27,-0.05927212194558831,-0.03896466169974757,-0.09006072354457878,-0.1290412535747651
2023-03-28,-0.05832559739920635,-0.03715687030649483,-0.09170283188747393,-0.13034936640816272
2023-03-29,-0.057107477394154504,-0.035075219997968685,-0.09304667559584966,-0.1314982222206217
2023-03-30,-0.05601677632027114,-0.033108183092212695,-0.09498609280098971,-0.13272249096602307
2023-03-31,-0.05505473660158965,-0.03161961515470769,-0.09706793901991348,-0.13386854764991235
2023-04-03,-0.05448542859508692,-0.030494070427122693,-0.09885482309398948,-0.13504048572256702
2023-04-04,-0.054014319307018784,-0.02951613076840301,-0.10104357233121246,-0.13624106239844017
2023-04-06,-0.054015629767911015,-0.029090141636749958,-0.10316705968396382,-0.13723870468336294
2023-04-07,-0.05420444562179964,-0.02904380531141014,-0.10479734530439723,-0.13815693239399865
2023-04-10,-0.0543211649557222,-0.028704421767694627,-0.10633363528025594,-0.13895905333186984
2023-04-11,-0.054767338952701014,-0.028584179389058887,-0.10756280408376317,-0.13931894727208752
2023-04-12,-0.055530571234208986,-0.02897002836767204,-0.10889650883264317,-0.13937312834836818
2023-04-13,-0.055919633486184186,-0.028799036258955853,-0.10998405186138178,-0.13941817500910075
2023-04-14,-0.05596223192015039,-0.028161619937405905,-0.11063364840333957,-0.13957422315399293
2023-04-18,-0.05591941787958783,-0.027827630048268933,-0.11075422209361484,-0.13927682979323183
2023-04-19,-0.05615845010131632,-0.027990299961194582,-0.11098351707300824,-0.13882589834583206
2023-04-20,-0.05684763739341311,-0.028942093430772604,-0.11112204165277859,-0.13806015667203597
2023-04-21,-0.05742725056904906,-0.029751066602630327,-0.11083642880558937,-0.1370519136574775
2023-04-24,-0.057808807988323815,-0.030605971230268206,-0.11050507379443142,-0.13563820254748313
2023-04-25,-0.058057570973862875,-0.03146520394819531,-0.10987248003966646,-0.13411681381726526
2023-04-26,-0.05744541271766024,-0.031155857600460163,-0.10895771277999218,-0.13253278885016886
2023-04-27,-0.05629088017922498,-0.030255333600748727,-0.10753590717099445,-0.13103269255973332
2023-04-28,-0.0552334451239827,-0.029500236853365436,-0.106230269589504,-0.1299227639952695
2023-05-04,-0.05448611875599083,-0.028976978163122488,-0.10400227696742272,-0.1280869440795303
2023-05-05,-0.05414553159280694,-0.029106321572611418,-0.10139948575978573,-0.12618664289998682
2023-05-08,-0.05403127690430153,-0.02911493138777072,-0.09874930946428924,-0.12393807893358186
2023-05-09,-0.05394260587100574,-0.02894663108191432,-0.09610407775501811,-0.12153417052343496
2023-05-10,-0.05273382095835679,-0.0276332813187975,-0.09394761328465463,-0.11933768586145636
2023-05-11,-0.05180219302041895,-0.02608807354340193,-0.09239819126092207,-0.11764591644342409
2023-05-12,-0.05097426113938733,-0.024690753848232282,-0.09021648469947786,-0.1159119997958832
2023-05-15,-0.05049373397585392,-0.02332372428809227,-0.08797735104659687,-0.11412493078451952
2023-05-16,-0.04961639910837126,-0.02170854460045211,-0.08541815513764728,-0.1123453307233278
2023-05-17,-0.04872471000972817,-0.020106121234903473,-0.08294537704910562,-0.11055483898109798
2023-05-18,-0.048521879018719835,-0.019556021961405365,-0.08108498528723604,-0.1087093147983806
2023-05-19,-0.04795943840477165,-0.01883153185929473,-0.07981481442025175,-0.10765237901251637
2023-05-22,-0.047476226254690175,-0.01779869193851432,-0.07796367784005113,-0.10637204059448578
2023-05-23,-0.04690101634484467,-0.016519977303613584,-0.07639026553009329,-0.10564150389071646
2023-05-24,-0.04598924397202346,-0.014996344505651907,-0.07493264461184887,-0.1051615554553643
2023-05-25,-0.045326861782547676,-0.01372574510189329,-0.07439920910304391,-0.10552409922695305
2023-05-26,-0.04528054794067564,-0.013143486734468801,-0.07382521838414667,-0.10550112322551407
2023-05-29,-0.04568175325592575,-0.01288355899980204,-0.07382603884180006,-0.10551541951263645
2023-05-30,-0.04598864542219963,-0.013312955842056468,-0.07447709144942573,-0.10512760328794206
2023-05-31,-0.04619360209303131,-0.013875691676218061,-0.07467283873961832,-0.10436947244052547
2023-06-01,-0.04630675861012872,-0.014106029960307333,-0.07482176696736428,-0.10369302252080811
2023-06-02,-0.0456809677590798,-0.01371306347564333,-0.07498628619276768,-0.10281859535898343
2023-06-05,-0.04549299774498818,-0.013789479895347541,-0.07546706659420938,-0.10210009742894977
2023-06-06,-0.04535466443135191,-0.013782176668154544,-0.07556125625257315,-0.1014055109982258
2023-06-07,-0.046014547070829775,-0.014455688281654281,-0.07616869547573689,-0.10133961381341677
2023-06-08,-0.04669970028603309,-0.015065703680066716,-0.07646510510631296,-0.10092842721729196
2023-06-09,-0.047155433992998326,-0.015554565986119637,-0.07727482512785565,-0.10106135559053328
2023-06-12,-0.047342724081766235,-0.015796373673247398,-0.07834167988929168,-0.10164477728828865
2023-06-13,-0.047969682820666465,-0.016552414650464954,-0.0794500950099977,-0.10191228676927412
2023-06-14,-0.04875779454716173,-0.01744548618586559,-0.08043104822970838,-0.1022325281832395
2023-06-27,-0.04972423380662693,-0.01816482316823658,-0.08180532078624694,-0.10302428585619415
2023-07-03,-0.05076474967992053,-0.018821218724260933,-0.08311379805698403,-0.10392208952076346
2023-07-04,-0.05174363996144213,-0.019305805314225717,-0.08439880004248707,-0.10505038037530119
2023-07-05,-0.05278704240806658,-0.019781379281853015,-0.08586844774680819,-0.10603292235003464
2023-07-06,-0.05409068213690825,-0.020520614254644305,-0.08725835761892974,-0.10662844207647901
2023-07-07,-0.055547316840471726,-0.02110029404091879,-0.08788385199939473,-0.10665860235126977
2023-07-10,-0.056800107009518055,-0.021168371394010992,-0.08834581453032278,-0.1067585209074701
2023-07-11,-0.058563468500370745,-0.021480222765285075,-0.0884111899104193,-0.10659525480512079
2023-07-12,-0.060576641401604896,-0.021913182874438206,-0.0880528620050241,-0.1060250793865366
2023-07-13,-0.06272577840315248,-0.022844643493067217,-0.08816055011294101,-0.10558641639774254
2023-07-14,-0.06447459837629699,-0.02406585416889627,-0.08879907481599213,-0.10556964024532378
2023-07-17,-0.06561298368264097,-0.024993469673405076,-0.08939656880682277,-0.10609655415458596
2023-07-18,-0.066467806458646,-0.025504689217955245,-0.09003857659168771,-0.10681220425047812
2023-07-19,-0.06738678981622573,-0.026110849306434075,-0.09052310060823941,-0.10720034951296936
2023-07-20,-0.06813186319664374,-0.026324833911025167,-0.09087166259166149,-0.10724058521687753
2023-07-21,-0.0689646940787357,-0.026480898330437336,-0.09075089276645816,-0.10699078660353364
2023-07-24,-0.06990284482323027,-0.02672982628839087,-0.09048472903121771,-0.10658427657478707
2023-07-25,-0.07060746724463746,-0.026404722290774854,-0.08988639095503215,-0.10644588150702954
2023-07-26,-0.07115861717990925,-0.025957866166958533,-0.08979275042889664,-0.10689228950376242
2023-07-27,-0.07201536891266341,-0.025825960052298022,-0.08960768760963962,-0.1063544802438968
2023-07-28,-0.0727450881558355,-0.025929269960469497,-0.08986460560054776,-0.10618079057840027
2023-07-31,-0.07379590202849233,-0.02596245445610246,-0.08986652789343857,-0.10557447249886795
2023-08-01,-0.07489371613312534,-0.026066347853190595,-0.08936667373494946,-0.10455990170876936
2023-08-02,-0.07555791359535236,-0.026116025798021227,-0.08883007098159793,-0.10375833565511669
2023-08-03,-0.07661371555623094,-0.025883351783400926,-0.0884437972531259,-0.10304438692529008
2023-08-04,-0.07781863400252868,-0.02606644622156865,-0.08820583937970006,-0.10247896424816828
2023-08-07,-0.07918600340469481,-0.026450393909407698,-0.08775985979217855,-0.10178018139968967
2023-08-08,-0.08018350396797522,-0.02691995911774606,-0.08756532225250067,-0.10130765308817488
2023-08-09,-0.08064138935794941,-0.026985551907018176,-0.08770451928641305,-0.10134496626517557
2023-08-10,-0.08048567820443966,-0.027050983226242248,-0.08803544616071879,-0.1016124835787016
2023-08-11,-0.08086952040256823,-0.026920469017893193,-0.08821571225845394,-0.10167164041836046
2023-08-14,-0.08097184217976686,-0.02683320710706917,-0.08876149704069194,-0.10166050886594662
2023-08-15,-0.08093787219505795,-0.02701550078737879,-0.08954904364104642,-0.10163276360400152
2023-08-16,-0.08020610006386482,-0.02725122182063413,-0.0907720485244186,-0.10217029251936821
2023-08-17,-0.07940899077253695,-0.027608718150710733,-0.09234348963672119,-0.10331056789306776
2023-08-18,-0.07783967639027958,-0.02731094616206415,-0.09417624180018674,-0.10434468237736651
2023-08-21,-0.07657403685442125,-0.027610876584802796,-0.09578209455546277,-0.10512598080699906
2023-08-22,-0.07541401098900179,-0.027979677638370636,-0.09783265258087229,-0.10582838725654217
2023-08-23,-0.0742275893592304,-0.02840301820949446,-0.09936319031830658,-0.10614904191161698
2023-08-24,-0.07241502726989431,-0.027660238413664696,-0.10167699268390609,-0.1077351742620303
2023-08-25,-0.07136615791281381,-0.026829636597227226,-0.10221138244263325,-0.10813239050388587
2023-08-28,-0.06995734482062838,-0.026082229056572814,-0.10297354245464346,-0.10853808138594376
2023-08-29,-0.06825896607333751,-0.02467907977057422,-0.10474219302961489,-0.10978292225509799
2023-08-30,-0.06666884107094966,-0.022833447369848863,-0.10668733568421813,-0.11123044126891134
2023-08-31,-0.06481258077838128,-0.020799256390177018,-0.10847686564293983,-0.11315893291750866
2023-09-01,-0.06311266592773856,-0.018560258249386244,-0.10985184403511979,-0.11484157362973627
2023-09-04,-0.06197642854520925,-0.016718642305163473,-0.11114560929640145,-0.11612391434965437
2023-09-05,-0.06113962865288493,-0.014782133376413077,-0.11181708662665753,-0.11696430110444726
2023-09-06,-0.060416063643605626,-0.013258705005694068,-0.11251583929585356,-0.11813206183792907
2023-09-07,-0.05991029063770929,-0.011858404721056794,-0.11346799878492107,-0.11925900340623473
2023-09-08,-0.059059367868633604,-0.010253758931113003,-0.11478473552004985,-0.12068965306948529
2023-09-11,-0.05775095018818357,-0.008464019728089371,-0.11599859909474153,-0.12248172190169182
2023-09-12,-0.0561202111521366,-0.006593817241579958,-0.11729087014994453,-0.12424875268272632
2023-09-13,-0.05513875938739761,-0.004859526185323522,-0.11797404003839441,-0.1257616553319315
2023-09-14,-0.05454941618721697,-0.0034748388400450436,-0.11861373673720442,-0.12686941229411713
2023-09-15,-0.05387524412485436,-0.0023476776267239287,-0.11951890217438955,-0.12805554937490954
2023-09-18,-0.052865670567703964,-0.0006134700244984575,-0.12035182937658094,-0.12942962800711466
2023-09-19,-0.051659741529262615,0.0010851471634069213,-0.1212197654661919,-0.13092606006760288
2023-09-20,-0.05052119273521539,0.0030021556467333048,-0.12217701723881039,-0.13258841386952097
2023-09-21,-0.049701150043251506,0.0036273653731081043,-0.12212306570702634,-0.13300251721652823
2023-09-22,-0.04857613185428315,0.0037125519170803727,-0.12232543878799934,-0.13338367625102496
2023-09-25,-0.047663332585601584,0.004022336219158254,-0.12283954443394159,-0.1341056036077023
2023-09-26,-0.04733548348927958,0.003898228719642864,-0.12358481143536623,-0.1349153488344313
2023-09-27,-0.04667039868650066,0.0038113854975068157,-0.12448793130400335,-0.13576956016041003
2023-09-28,-0.04640462244956109,0.0031503754459333054,-0.12520328435820854,-0.13598638924829437
2023-10-09,-0.046439533929041564,0.0022473893860219976,-0.1255962505577028,-0.13610604971427492
2023-10-10,-0.045888873499491986,0.0021771315451511795,-0.1257720489162175,-0.1365458273350159
2023-10-11,-0.045338366067387295,0.001798485658055011,-0.12561929498150035,-0.13662569972898927
2023-10-12,-0.04515929978039009,0.0008698920884612295,-0.1249913350867678,-0.1360736173773814
2023-10-13,-0.045143998664656876,-0.0003221978430918376,-0.12396874842165584,-0.13504089224899296
2023-10-16,-0.04592560559628318,-0.0021510640388813316,-0.12238760347286527,-0.1337067125965603
2023-10-17,-0.046602275750861524,-0.003526114182404382,-0.12123946513260872,-0.13247799052453504
2023-10-18,-0.04756803224468385,-0.005173200807414612,-0.11953176875611397,-0.13069174341249537
2023-10-19,-0.04858479861517965,-0.007063394327991492,-0.11833025324622895,-0.12896956960379735
2023-10-20,-0.04954687012616649,-0.009077718646858675,-0.11672214502604752,-0.1269684469007914
2023-10-23,-0.05093861963372239,-0.01120995464058227,-0.11528791945538885,-0.12516787466289392
2023-10-24,-0.05246345958220766,-0.013299954021222046,-0.11400412876273117,-0.12328126173840658
2023-10-25,-0.05365173548573176,-0.015251014780593505,-0.11217253873461261,-0.12137303670828586
2023-10-26,-0.054747096733717256,-0.017342732313329712,-0.1099765868219278,-0.11932494441836786
2023-10-27,-0.05489270910110704,-0.01830499692731139,-0.10840946457942738,-0.11794250402791052
2023-10-30,-0.05487971907133234,-0.018561270200983682,-0.10779948675895003,-0.11749021426073189
2023-10-31,-0.05475945431109698,-0.01885008164407393,-0.10670423046446441,-0.11642440241213498
2023-11-01,-0.05408780984872681,-0.01893017830686085,-0.10541056775590628,-0.11492678096509289
2023-11-02,-0.053852096641745305,-0.019322182460357346,-0.10390483668281762,-0.11346341173283339
2023-11-03,-0.053588213479646915,-0.01979877461369873,-0.10251325483366,-0.11252480823432605
2023-11-06,-0.053123386483353865,-0.020225575937100098,-0.10190680217823765,-0.11220846009451314
2023-11-07,-0.05252284362150998,-0.02082638410423734,-0.10163516010208481,-0.11197824495022918
2023-11-08,-0.05167481552500225,-0.021381249210749208,-0.10114534681283913,-0.11180828087361193
2023-11-09,-0.05082387379559492,-0.021731046026875582,-0.10057072014795485,-0.11182411797093159
2023-11-10,-0.05031406260539567,-0.022305405325454806,-0.09969269418712169,-0.11161254086945734
2023-11-13,-0.04960829284327487,-0.022574959374974553,-0.09882120111751361,-0.11119704424791892
2023-11-14,-0.04876158245399578,-0.023053556024737003,-0.09792428079655555,-0.11050913183743906
2023-11-15,-0.04759837427402949,-0.02342218357843065,-0.09714240633589702,-0.1098822564712831
2023-11-16,-0.046115801684531464,-0.023587325011915086,-0.0961371121160547,-0.1093504982512293
2023-11-17,-0.04518441250408139,-0.023931255081087763,-0.09565739172283684,-0.10947186150858279
2023-11-20,-0.04344496935056475,-0.023425411718101547,-0.0950164974858835,-0.10997870962847081
2023-11-21,-0.04180897347571336,-0.023238427755358986,-0.09386702073440832,-0.11019249252930413
2023-11-22,-0.04082126002189653,-0.023445439292419785,-0.0935326583310804,-0.11074615677940605
2023-11-23,-0.039859879492368994,-0.02399734887189409,-0.09286632031707981,-0.11076015190557521
2023-11-24,-0.03860466198644715,-0.024853223890562232,-0.09202650759184479,-0.11037690545031743
2023-11-27,-0.037793676371803975,-0.025790215117697912,-0.0913829580070319,-0.11014468135473393
2023-11-28,-0.036796041597195954,-0.02618425380912843,-0.09089084310804643,-0.11011654993360152
2023-11-29,-0.03536150445198949,-0.025844647604530722,-0.09050017433446225,-0.11076204315858244
2023-11-30,-0.03499671710789676,-0.026008483198081776,-0.0897314555301737,-0.1108236118399363
2023-12-01,-0.03472783613979131,-0.02611956657615537,-0.08899494269268061,-0.11055966935738502
2023-12-04,-0.034030307635950094,-0.026194792865121233,-0.08864359037087544,-0.11044812027327627
2023-12-05,-0.033515788882082176,-0.026188988108659286,-0.08835525190519708,-0.11068961799355943
2023-12-06,-0.033039018246471756,-0.026017890417663697,-0.0893407745255743,-0.11152672074277052
2023-12-07,-0.03298610036202531,-0.025690533066112835,-0.09081303547414599,-0.11224466886966115
2023-12-08,-0.03330512643378664,-0.025223715372273373,-0.09235840963981981,-0.11308321595121128
2023-12-11,-0.033724317688076315,-0.024571957854767682,-0.09406916905961861,-0.11413047891354032
2023-12-12,-0.033876639643025626,-0.02416025522438411,-0.09549071880580073,-0.11513743193063604
2023-12-13,-0.0343947674164288,-0.023711835489683527,-0.09667653380397877,-0.11610773938089486
2023-12-14,-0.03479390632076679,-0.022946758550464928,-0.09838978988170023,-0.11745977801718616
2023-12-15,-0.034873431687622955,-0.02187815743830563,-0.10027843686057049,-0.11871268344193198
2023-12-18,-0.03520376114318894,-0.021385738881540748,-0.1021548439833693,-0.11992082903381199
2023-12-19,-0.035546393933468166,-0.020776953264915885,-0.10488684348711162,-0.12149271507875734
2023-12-20,-0.03566493517343965,-0.020112579498252046,-0.10713685655901682,-0.12232080092876665
2023-12-21,-0.03568623658151685,-0.019025190717636243,-0.10974362955492677,-0.123590606703244
2023-12-22,-0.0347661696515977,-0.01745891920062581,-0.11257133410676924,-0.12492205138341297
2023-12-25,-0.03367362458083649,-0.01593050534236198,-0.11488322930096578,-0.12617405600578277
2023-12-26,-0.03280561549566948,-0.0145419694158654,-0.11714445525056696,-0.12777041584252044
2023-12-27,-0.03238061702097201,-0.013382341932340652,-0.11850183381007937,-0.12899804522794545
2023-12-28,-0.031191565686918363,-0.011204580887584534,-0.12065292389220394,-0.13098419418967433
2023-12-29,-0.030375277210314366,-0.00906086422603915,-0.1231287662120236,-0.13298505505596564
2024-01-02,-0.02912003620879699,-0.0067146458699685755,-0.1254102606117446,-0.13501369965902196
2024-01-03,-0.027669969033314732,-0.00412508713991943,-0.12774444257290893,-0.1369838837519877
2024-01-04,-0.025826662510205257,-0.0014496487501953253,-0.1298733104653236,-0.13883931570143596
2024-01-05,-0.02349068120482128,0.0013310880367835235,-0.13147052822317784,-0.1403154098922232
2024-01-08,-0.021110857132927718,0.004186884988073763,-0.13287668726480487,-0.1410956762923911
2024-01-09,-0.01927917626200689,0.00649690626361228,-0.1338145980549324,-0.14155341997848422
2024-01-10,-0.017250275629153603,0.009005312558875935,-0.13477202331255694,-0.14185232338798032
2024-01-11,-0.015522339172153104,0.011161805389610759,-0.13559576428408118,-0.14219180390907635
2024-01-12,-0.013776760559816102,0.012996947432428166,-0.13562634524746753,-0.14219342103098495
2024-01-15,-0.012070683237975232,0.014920646154156442,-0.1356495075859008,-0.14199798435944783
2024-01-16,-0.010299166688133559,0.016715924052917726,-0.13586272085330128,-0.14208689679009784
2024-01-17,-0.008815276041681338,0.018252292338054484,-0.1351585792624602,-0.14176393946104746
2024-01-18,-0.007824119433445206,0.01937908792976937,-0.13500633499271938,-0.14247829237662887
2024-01-19,-0.006542818644755254,0.020554574573236308,-0.13456200770110144,-0.14302455472614367
2024-01-22,-0.005535046947328384,0.02093568702331428,-0.13301083816963633,-0.14325248123268444
2024-01-23,-0.0038423874928706745,0.021653001562910265,-0.1326241567415073,-0.14398737233815867
2024-01-24,-0.0029903729120048005,0.022110545229583632,-0.13106154266203213,-0.14375256106545753
2024-01-25,-0.002409092612112341,0.022617670182437453,-0.12947911781145907,-0.1429232634401852
2024-01-26,-0.0023826573228154344,0.022551781172034577,-0.12696935150858932,-0.1412190450548416
2024-01-29,-0.00251031157823983,0.022396137793095648,-0.12455195262596952,-0.1395540077323273
2024-01-30,-0.0027045993988642626,0.02172634819356454,-0.12205234597216603,-0.13786751011255907
2024-01-31,-0.003026387651686999,0.021102652988588547,-0.11957360728653083,-0.13624610773607673
2024-02-01,-0.0027369627317202065,0.020882956217167636,-0.11727616016149747,-0.13510915143027427
2024-02-02,-0.0037715435692567095,0.01947934126675466,-0.11452839534476715,-0.1338172508246333
2024-02-05,-0.005088835502135079,0.017944467097618096,-0.11211045848288925,-0.13313230843055876
2024-02-06,-0.005844032198979378,0.017272424447385408,-0.10983858959500906,-0.1325192774250654
2024-02-07,-0.005845180180852253,0.01682592917921324,-0.108207430331958,-0.13252908094141191
2024-02-08,-0.005380948479745527,0.017229311301694833,-0.10684722319770565,-0.13263853243673226
2024-02-19,-0.006233595908393461,0.016770835506518374,-0.10500786112316673,-0.13229159641167698
2024-02-20,-0.007402771137578488,0.016218560811002928,-0.1030132595726666,-0.13165359107397423
2024-02-21,-0.008688542422421173,0.015771468841347124,-0.1007995788011696,-0.13075487236661945
2024-02-22,-0.009860579779375083,0.015316095090066501,-0.09893425750000712,-0.12997400929504077
2024-02-23,-0.00990211294952237,0.015327315121299317,-0.09738769477297918,-0.12889023281245723
2024-02-26,-0.009037167975961073,0.01599851369031578,-0.09621318328117916,-0.12821877082734587
2024-02-27,-0.007464391798480354,0.016682141624690627,-0.09602641083847917,-0.1281702188372139
2024-02-28,-0.005856246862875084,0.017745795383834563,-0.0958744142159995,-0.12802942288417363
2024-02-29,-0.004277749872940939,0.018893382824304254,-0.09598731481205997,-0.12807751798826
2024-03-01,-0.0030019555121627295,0.020183067868914745,-0.096263572309027,-0.12823221236172108
2024-03-04,-0.001831496293091075,0.02072361724436831,-0.09632698122600299,-0.12833995257297867
2024-03-05,-0.0004344523189354611,0.021252491741774043,-0.09608015297827059,-0.12826346595980456
2024-03-06,0.0005729334699564377,0.02171837205084915,-0.0958027550127305,-0.12778662265158983
2024-03-07,0.0020840427327145574,0.02279375200436663,-0.09524552037023387,-0.1273094122849176
2024-03-08,0.0029203323638893517,0.023354250118775257,-0.09485967899127125,-0.1266500723478603
2024-03-11,0.004315941229479868,0.024606452356199165,-0.09508170310492098,-0.12654381529019867
2024-03-12,0.005744437852545024,0.025708742835651752,-0.09512572193825324,-0.12651159460948344
2024-03-13,0.007278482813193712,0.026987559139098602,-0.09504496939444648,-0.12624459001057664
2024-03-14,0.008843820848591321,0.028420385051540393,-0.09487407347018412,-0.12575815307031254
2024-03-15,0.010262339300389358,0.029715285763717316,-0.09506006195178969,-0.12535601351192244
2024-03-18,0.011749514002499272,0.030883538409802475,-0.0952649303832591,-0.12480938741508886
2024-03-19,0.013207738859738909,0.03212263004298278,-0.09577929740008917,-0.12465894341288639
2024-03-20,0.014351136103912013,0.03320375230637104,-0.09677359543872219,-0.12490849075399665
2024-03-21,0.015379897231195306,0.03409616748450051,-0.0979218123504859,-0.12497538497806976
2024-03-22,0.015580374002717235,0.034466523930119966,-0.09926577042178439,-0.12497693725839258
2024-03-25,0.015901552703840974,0.035067757125819055,-0.10041092865896104,-0.12495567717223374
2024-03-26,0.015969648268566124,0.035521557534005155,-0.10167270437578349,-0.1249838316988937
2024-03-27,0.015534818826813951,0.03527063753404977,-0.10168797127651819,-0.12438112895906578
2024-03-28,0.01527419844781674,0.03495970958150056,-0.10210106247280333,-0.12416394748913588
2024-03-29,0.014823970251796464,0.034459446053218386,-0.1028225824580196,-0.12417122921947912
2024-04-01,0.014460475518669812,0.034073130206873754,-0.10381782892035436,-0.12453209641802125
2024-04-02,0.013398692453604297,0.03362597005151438,-0.10478775761844837,-0.12459962230039814
2024-04-03,0.011680798214642405,0.03273475767813199,-0.1057112614893575,-0.12457965416268604
2024-04-08,0.010005275507722355,0.03154169661882431,-0.1064828309801388,-0.12427308533098755
2024-04-09,0.0087879874961559,0.030914910120239992,-0.1079306306126959,-0.12456656387095252
2024-04-10,0.007499735111665602,0.030177257768892657,-0.10916617010897801,-0.12463032069218158
2024-04-11,0.006170035317185209,0.029612865586292038,-0.1105533061321369,-0.12457058729041684
2024-04-12,0.0042374471777005185,0.028357643637772822,-0.11177243789314058,-0.12425777512074895
2024-04-15,0.002283321444276489,0.026761327446181232,-0.11286063170365628,-0.1240216658549758
2024-04-16,0.000827606295382148,0.025320483992735718,-0.11391770212310476,-0.12389487409151036
2024-04-17,-0.0006954048335403107,0.024128560882859484,-0.11500371749483443,-0.1236218730929062
2024-04-18,-0.0026024262701609645,0.022435019589190593,-0.11551780548767492,-0.12292474524550492
2024-04-19,-0.00523494590172885,0.01991526115810211,-0.11538409032932921,-0.12137753184522815
2024-04-22,-0.007210526463885385,0.01808218081016344,-0.11518067679097531,-0.12030324562682589
2024-04-23,-0.008552613450827348,0.016770474112873645,-0.11477102528946005,-0.11956006709209868
2024-04-24,-0.010502419587825603,0.014883820502082108,-0.11403434696657483,-0.11817775488533087
2024-04-25,-0.011747070832476848,0.013680687525550114,-0.11264713991434314,-0.11671642334152779
2024-05-15,-0.012944477881527462,0.012649619020060182,-0.11167582091218807,-0.11571800296373515
2024-05-16,-0.014354434611263272,0.011492556097180964,-0.11089747282593426,-0.11449874862280311
2024-05-17,-0.015585540478658044,0.010483796665005192,-0.10980523675832875,-0.1128227988904167
2024-05-20,-0.01652489547083176,0.009850628784475117,-0.10857231815477435,-0.1112401841175725
2024-05-21,-0.016876177953565285,0.009626002398929375,-0.10713770001033382,-0.10954119795223242
2024-05-22,-0.016627653524689267,0.010152833743813233,-0.10578178309617706,-0.10790796082298035
2024-05-23,-0.016123844856008904,0.010851499713415164,-0.10418614751039369,-0.10644704763105657
2024-05-24,-0.015352684348706406,0.011632783741892274,-0.10262364611202197,-0.10467565408654451
2024-05-27,-0.014494468956323033,0.012458046161220435,-0.1012654127485532,-0.1032352620209958
2024-05-28,-0.013232092955289357,0.01305384307776108,-0.09947908651993513,-0.10204145651386916
2024-05-29,-0.011816612192999017,0.014076871194385257,-0.09794861109783409,-0.10123521705054236
2024-05-30,-0.010033427265936251,0.015476823326898958,-0.09644855101250605,-0.10067256757917953
2024-05-31,-0.008457210810276132,0.016865402965935895,-0.09498905955689539,-0.10032290730898126
2024-06-03,-0.007265286372805729,0.018495902582701246,-0.09406996067748581,-0.10065908544411885
2024-06-04,-0.005997591429411074,0.02023919897100114,-0.09320622816061691,-0.10096220041417286
2024-06-05,-0.003961850352752249,0.023003352173028947,-0.09215372212601343,-0.10149924698759558
2024-06-06,-0.0019868761363988144,0.025517757096025374,-0.09132583348147269,-0.10207898288771376
2024-06-07,9.214922509322088e-05,0.02815549774203134,-0.09045629758714352,-0.10245167818691056
2024-06-11,0.002097012313700152,0.030984044905553874,-0.08997853947391742,-0.10315880536525114
2024-06-12,0.003045592734538279,0.032420811595596094,-0.08963271089171508,-0.10342480440498691
2024-06-13,0.0035294980499424758,0.03328884221476443,-0.0899344358288868,-0.1037087687398665
2024-06-14,0.003978779487241663,0.033961357534090866,-0.09047739348422616,-0.10393841230564425
2024-06-17,0.004744870866816086,0.03493188384043315,-0.09190657007853088,-0.1051175235879685
2024-06-18,0.005066049513117885,0.03544249026236962,-0.0943296963932828,-0.1069243333226784
2024-06-19,0.00530312147149771,0.0354986607394078,-0.09708669939595592,-0.1089985651812481
2024-06-20,0.005146831906341151,0.034859633253089675,-0.0994916187959492,-0.11083653431108426
2024-06-21,0.0040858522360636695,0.033427422186036934,-0.10169198955127652,-0.11191697614098849
2024-06-24,0.0027203618956973406,0.03157133252286509,-0.10344550512885635,-0.1125776328610279
2024-06-25,0.001310106672847279,0.02984904818880084,-0.10549494760826232,-0.11291847913314844
2024-06-26,0.0006317188097000983,0.028603425472998465,-0.10777459706520591,-0.11335506190900145
2024-06-27,-0.00019242856617141517,0.027011144077761402,-0.10994932633353124,-0.11385104911984478
2024-06-28,-0.0013001648955826212,0.025078103345022085,-0.1123911038984615,-0.11460519116178867
2024-07-01,-0.0017889826257796615,0.023735375893920253,-0.11465031379313939,-0.1153852354972117
2024-07-02,-0.002389804066286017,0.02238866694999689,-0.11656786240109748,-0.11548283324066712
2024-07-03,-0.002839720772360358,0.021189365011778698,-0.11876716829498465,-0.11596516106073398
2024-07-04,-0.003741701436720647,0.019428930945586106,-0.12103302581126028,-0.11626799790760566
2024-07-05,-0.004540769736713671,0.017721073281190148,-0.12345527584821997,-0.11643471580182706
2024-07-08,-0.007049975201584161,0.01447249638729306,-0.12401036999937325,-0.11491830378676159
2024-07-09,-0.009014926676379535,0.01182027716105847,-0.12478909368162412,-0.11372613268635125
2024-07-15,-0.010172693856062513,0.009821271604314476,-0.12549067811356776,-0.11311541296717677
2024-07-16,-0.010877200220002688,0.008475279440554817,-0.12568904814496967,-0.11269213152911897
2024-07-17,-0.011126132065280576,0.007631486655134241,-0.1261087866919378,-0.11280532064902017
2024-07-18,-0.011284510548782213,0.006576190033335157,-0.1262451976657872,-0.11263178449383925
2024-08-02,-0.011839825467286236,0.005115988447044954,-0.12580649910216504,-0.11154682909669242
2024-08-05,-0.011821363747852524,0.004031245141132081,-0.12480788911885438,-0.11050073348977912
2024-08-06,-0.011782595272252287,0.003059323742443832,-0.12396019066364052,-0.10943886459307559
2024-08-07,-0.011287873841570265,0.0025039288520735726,-0.12291978198776386,-0.10848744666451082
2024-08-08,-0.010791481898872067,0.002072379011348175,-0.12199446162975489,-0.1078513087209938
2024-08-09,-0.01048728836646309,0.001230814274789605,-0.12097642398021466,-0.1070180100286149
2024-08-12,-0.010453283160044092,-6.937076923780335e-05,-0.12001728533634697,-0.10608979531822117
2024-08-13,-0.009992832246375184,-0.0009892072815355167,-0.11853939718606939,-0.10481677645393148
2024-08-14,-0.009530422591736488,-0.0017581813344748564,-0.11669318472671524,-0.10335249051181589
2024-08-15,-0.008827793940909484,-0.002770187765200499,-0.11463755631640701,-0.10160170398123507
2024-08-16,-0.008440017748027644,-0.003842268776426186,-0.1127906502092366,-0.10008985281743281
2024-08-19,-0.00816981006955246,-0.005065273400285069,-0.11109849880180583,-0.09825915496284461
2024-08-20,-0.007796430214132877,-0.006370306904276893,-0.10923567114765452,-0.09662474111100958
2024-08-21,-0.0074539125717717,-0.007447106563889909,-0.10720562295066557,-0.09496278016242324
2024-10-10,-0.005990428600275209,-0.0074318799450790425,-0.10621845037601006,-0.09498324526751149
2024-10-11,-0.005210011715505353,-0.0081714154414241,-0.1050229089854613,-0.09453086160032466
2024-10-14,-0.004485468682166009,-0.008928416691036188,-0.10368256035447226,-0.09379760947881306
2024-10-15,-0.0034242654693830204,-0.009595757046337375,-0.10250977745441385,-0.09309936427104509
2024-10-16,-0.002470000598668158,-0.009795043874054166,-0.10029592049155962,-0.09172296030963711
2024-10-17,-0.0015383203752441582,-0.009732420003695633,-0.09810774605600857,-0.09078629187958737
2024-10-18,-0.0009725317006101157,-0.009885522715519398,-0.09655219716623632,-0.09007097966961466
2024-10-21,-0.0009065942100628458,-0.010371587278341489,-0.09487589844287596,-0.08916538450939589
2024-10-22,-0.0007936569787263014,-0.010703015555424857,-0.09337921356194662,-0.08868351492162654
2024-10-23,-0.0007391527370299415,-0.011162932517804872,-0.09243167911687523,-0.08862901428100316
2024-10-24,-0.0008480894167683081,-0.01175837053014894,-0.09117635437860727,-0.08825105368032551
2024-10-25,-0.0004665664669609249,-0.011916109546584463,-0.09001722932147097,-0.08816302835148865
2024-11-11,-0.0023039678233724497,-0.013551424022606581,-0.09078558022097143,-0.08824787393986654
2024-11-12,-0.004098659329786732,-0.014969352830005904,-0.09132292217603004,-0.08811003492032865
2024-11-13,-0.005704501412122338,-0.01618854325482429,-0.09224120379292476,-0.08883255538711068
2024-11-14,-0.0071760228846653885,-0.016793064543283633,-0.09248327095569213,-0.08904181133367209
2024-11-15,-0.007822814159098631,-0.01680661672766968,-0.09205209603126155,-0.08862608628329634
2024-11-18,-0.007760451433941336,-0.016402704959163794,-0.0914789045354242,-0.08848976038193908
2024-11-19,-0.007822680073810775,-0.01608924796775543,-0.0919437716635449,-0.08876919890699611
2024-11-20,-0.007661276559734197,-0.016042031902627853,-0.09264484773059282,-0.08934333138329464
2024-11-21,-0.007252682927884938,-0.015287552745371767,-0.09270588476777117,-0.08939492603461098
2024-11-22,-0.006061338085979833,-0.013980531654737284,-0.09208979703706771,-0.0890166795278833
2024-11-25,-0.005742037093783586,-0.013470639608897016,-0.09190800305966394,-0.08910016462498362
2024-11-26,-0.005522651592920565,-0.01335203665506077,-0.09181475471166506,-0.08920426485049383
2024-11-27,-0.005481808668271769,-0.01323211503891809,-0.09150701678088467,-0.08915726243509181
2024-11-28,-0.005470968216936981,-0.013307434271545472,-0.09124636861423133,-0.08899895787668108
2024-11-29,-0.005679831823766956,-0.013340642542637204,-0.090863889444047,-0.0889942483396017
2024-12-02,-0.0058168858658075575,-0.01309979588279108,-0.09056958505089548,-0.089401920860594
2024-12-03,-0.005913268285837118,-0.012800541167342373,-0.09040331436949373,-0.08975862099670161
2024-12-04,-0.005917424548409682,-0.012631428781585075,-0.08997516472291608,-0.08955338952640969
2024-12-05,-0.0059429393093151876,-0.012230102747841634,-0.08977730971701295,-0.08970980963354387
2024-12-06,-0.006191724131515044,-0.011665688650371741,-0.0894778206996914,-0.08995868092321332
2024-12-09,-0.006288779873925995,-0.010996740611636295,-0.0888485099552618,-0.09019917356782278
2024-12-10,-0.00652234850317986,-0.010371328313642384,-0.0884897441959351,-0.09052978906033893
2024-12-11,-0.006889999948613524,-0.010346838423334611,-0.08777928456712976,-0.09001253324324526
2024-12-12,-0.006957721943947455,-0.010696340745340323,-0.08844202436444613,-0.09024763442165906
2024-12-13,-0.007051238629141797,-0.010645379654283346,-0.08885541976427398,-0.09066953293169094
2024-12-16,-0.007325597123457002,-0.011271156367336027,-0.08862638802078698,-0.09041197383168861
2024-12-17,-0.007366299453834746,-0.011665202162378038,-0.08819896673972483,-0.08985159792660227
2024-12-18,-0.007343424120705822,-0.012039774181021125,-0.0879022891393674,-0.0890477338641358
2024-12-19,-0.007206318432624903,-0.012655283239980933,-0.08798327708392888,-0.08840386189409934
2024-12-20,-0.006704379005813942,-0.01311200071643785,-0.0880363137911435,-0.08820283142708209
